id,loss
model_df368df4-d6a0-499c-af4d-ed363fec1325_7cb8b45d-d4b9-44d8-ba51-554ab92a0222,0.7376114726066589
model_05eb988a-7bca-46be-9cde-721260ea402e_7cb8b45d-d4b9-44d8-ba51-554ab92a0222,0.35073456168174744
model_1d1e285f-4e72-4fe1-9066-7e8b6bf945df_ff01743d-cb89-4ffe-8e88-0895218dea7f,0.04898365959525108
model_a97ea1c6-3077-4cee-8fe2-fa1d32bc52b1_ff01743d-cb89-4ffe-8e88-0895218dea7f,0.05047532171010971
model_6a384579-c068-425e-ba8f-5382297f08c8_603c644a-2350-47c1-a00d-de01e684db75,(-0.05244931951165199, 0.5, 0.04740292578935623)
model_27b39845-e0ef-489c-bec1-9cb4bf19db0e_603c644a-2350-47c1-a00d-de01e684db75,(0.0009106574580073357, 0.6180321574211121, 0.05244578793644905)
